Shortest job first,Priority,
"PID","Burst","Priority","Arrival","Start","Finish","Wait","Response","Turnaround"
351,92,9,35,35,126,0,0,92
352,44,3,96,159,202,63,63,107
353,32,1,124,127,158,3,3,35
354,76,7,140,203,278,63,63,139
355,38,7,206,312,349,106,106,144
356,24,3,263,279,302,16,16,40
357,89,3,278,2010,2098,1732,1732,1821
358,45,4,283,350,394,67,67,112
359,9,0,295,303,311,8,8,17
360,63,7,299,395,457,96,96,159
361,81,6,317,458,538,141,141,222
362,99,8,367,2565,2663,2198,2198,2297
363,83,9,427,570,652,143,143,226
364,19,6,489,551,569,62,62,81
365,12,1,527,539,550,12,12,24
366,86,0,562,742,827,180,180,266
367,86,0,562,1838,1923,1276,1276,1362
368,17,1,593,653,669,60,60,77
369,30,8,662,670,699,8,8,38
370,12,0,681,700,711,19,19,31
371,30,8,688,712,741,24,24,54
372,47,9,752,840,886,88,88,135
373,76,0,761,887,962,126,126,202
374,12,2,817,828,839,11,11,23
375,95,7,871,2372,2466,1501,1501,1596
376,99,3,926,2664,2762,1738,1738,1837
377,24,1,953,963,986,10,10,34
378,54,4,971,987,1040,16,16,70
379,90,8,999,2099,2188,1100,1100,1190
380,86,1,1000,1924,2009,924,924,1010
381,45,5,1016,1041,1085,25,25,70
382,49,2,1019,1134,1182,115,115,164
383,48,0,1085,1086,1133,1,1,49
384,66,1,1093,1187,1252,94,94,160
385,74,1,1139,1298,1371,159,159,233
386,98,0,1141,2467,2564,1326,1326,1424
387,4,3,1177,1183,1186,6,6,10
388,7,3,1210,1253,1259,43,43,50
389,38,9,1258,1260,1297,2,2,40
390,74,2,1299,1531,1604,232,232,306
391,90,5,1318,2189,2278,871,871,961
392,49,5,1332,1372,1420,40,40,89
393,63,4,1374,1436,1498,62,62,125
394,75,3,1389,1684,1758,295,295,370
395,15,8,1389,1421,1435,32,32,47
396,79,2,1454,1759,1837,305,305,384
397,32,0,1491,1499,1530,8,8,40
398,93,6,1540,2279,2371,739,739,832
399,50,3,1592,1634,1683,42,42,92
400,29,3,1594,1605,1633,11,11,40
,,,,,,,,
,,,,,Min,0,0,10
,,,,,Mean,323.98,323.98,378.54
,,,,,Max,2198,2198,2297
,,,,,StdDev,554.06,554.06,574.53
